{
  "version": 1,
  "author": "Augusto Dantas",
  "editor": "wokwi",
  "parts": [
    { "type": "board-esp32-devkit-c-v4", "id": "esp", "top": -28.8, "left": -139.16, "attrs": {} },
    { "type": "wokwi-dht22", "id": "dht1", "top": -86.1, "left": 52.2, "attrs": {} },
    {
      "type": "wokwi-slide-potentiometer",
      "id": "pot1",
      "top": 43.4,
      "left": 8.6,
      "attrs": { "travelLength": "30" }
    },
    {
      "type": "wokwi-slide-potentiometer",
      "id": "pot2",
      "top": 120.2,
      "left": 8.6,
      "attrs": { "travelLength": "30" }
    },
    {
      "type": "wokwi-lcd1602",
      "id": "lcd1",
      "top": 35.2,
      "left": -474.4,
      "attrs": { "pins": "i2c" }
    },
    {
      "type": "wokwi-led",
      "id": "led1",
      "top": 246,
      "left": -139.8,
      "attrs": { "color": "limegreen", "flip": "1" }
    }
  ],
  "connections": [
    [ "esp:TX", "$serialMonitor:RX", "", [] ],
    [ "esp:RX", "$serialMonitor:TX", "", [] ],
    [ "pot1:VCC", "esp:3V3", "red", [ "h-19.2", "v-124.8", "h-124.95" ] ],
    [ "pot2:VCC", "esp:3V3", "red", [ "h-28.8", "v-211.2", "h-115.35" ] ],
    [
      "pot2:GND",
      "esp:GND.2",
      "black",
      [ "v-9.6", "h24.4", "v-105.6", "h-220.8", "v-57.6", "h-57.6" ]
    ],
    [ "dht1:VCC", "esp:3V3", "red", [ "h-67.2", "v-96", "h-134.4", "v67.2" ] ],
    [ "pot1:GND", "esp:GND.2", "black", [ "v-28.8", "h-206", "v-57.6" ] ],
    [ "dht1:GND", "esp:GND.2", "black", [ "v9.6", "h-67.2", "v-57.6", "h-67.2" ] ],
    [ "dht1:SDA", "esp:15", "green", [ "h-105.5", "v115.2" ] ],
    [ "pot1:SIG", "esp:34", "green", [ "h-19.2", "v104.8", "h-153.6", "v-172.8" ] ],
    [ "pot2:SIG", "esp:35", "green", [ "h-9.6", "v18.4", "h-153.6", "v-153.6" ] ],
    [ "lcd1:GND", "esp:GND.2", "black", [ "h-9.6", "v-76.8", "h326.4", "v-67.2", "h115.2" ] ],
    [ "lcd1:VCC", "esp:3V3", "red", [ "h-19.2", "v-76.7" ] ],
    [ "esp:21", "lcd1:SDA", "green", [ "h38.4", "v192", "h-489.6", "v-153.6" ] ],
    [ "esp:22", "lcd1:SCL", "green", [ "h19.2", "v211.2", "h-355.2", "h-105.6", "v-125.1" ] ],
    [ "esp:12", "led1:A", "green", [ "v0", "h-9.45", "v172.8" ] ],
    [ "led1:C", "esp:GND.2", "green", [ "v0", "h95.6", "v-259.2" ] ]
  ],
  "dependencies": {}
}